FeSCN_Conc_mol,Abs
0,0
0.0004,0.119
0.0008,0.292
0.00012,0.414
0.00016,0.575
0.0002,0.73